Email,Phone_Number,First_name,last_name,UserName,Password,Birth_Date,Loyalty_Points
afilippo0@zimbio.com,99245776,Alysia,Filippo,afilippo0,MLdUMm8e,3/31/1981,51
dbirchett1@about.com,99486332,Dreddy,Birchett,dbirchett1,J4XBIiwi,5/9/1960,82
bmattiussi2@webs.com,99593010,Bernie,Mattiussi,bmattiussi2,z3LQGpsQ,3/23/1997,2
bomurtagh3@globo.com,99606252,Benjy,O'Murtagh,bomurtagh3,Nn5CVh6J,12/2/1987,159
gvoice4@imageshack.us,99342814,Gayle,Voice,gvoice4,Y5ojus7L,2/11/1980,28
swebbe5@mail.ru,99141321,Sibilla,Webbe,swebbe5,FUKgyjKI,4/7/1978,
cpactat6@webmd.com,99037435,Cazzie,Pactat,cpactat6,psFcQXMn,6/13/1970,137
sjacson7@youtu.be,99972078,Stephan,Jacson,sjacson7,VTbD2Q5n,9/4/1986,8
afillon8@admin.ch,99541689,Adeline,Fillon,afillon8,StSEIopS,1/21/1973,152
aklaus9@cloudflare.com,99766355,Axel,Klaus,aklaus9,xSykNWIU,11/3/1969,146
jbaloguna@yandex.ru,99836975,Jillana,Balogun,jbaloguna,zGUtMUOm,4/14/1984,42
oantushevb@ustream.tv,99008032,Ollie,Antushev,oantushevb,hv2KZ8t5,10/3/1971,119
ecristofvaoc@twitter.com,99158718,Elsinore,Cristofvao,ecristofvaoc,NtKjFgS1,10/30/1962,54
lfarmiloed@imgur.com,99403947,Lucretia,Farmiloe,lfarmiloed,gbtMpxNa,10/1/1993,
gmaylame@flickr.com,99624142,Gerhard,Maylam,gmaylame,uTDJfr5p,9/13/1997,
tmuggletonf@digg.com,99654680,Terrye,Muggleton,tmuggletonf,TGJuLoHF,9/9/1982,52
smaultbyg@bigcartel.com,99034583,Starlin,Maultby,smaultbyg,tW7ATQAL,1/6/1973,25
evindenh@rambler.ru,99316700,Ewan,Vinden,evindenh,skcMfd26,7/24/1995,44
rhaliburni@scribd.com,99182066,Rolland,Haliburn,rhaliburni,34FZcPzb,10/9/1996,57
gallsebrookj@mozilla.com,99522616,Gabbie,Allsebrook,gallsebrookj,KFhBzNyL,12/4/1991,162
ngilvaryk@github.com,99242060,Nettle,Gilvary,ngilvaryk,4n8DA2Rp,2/2/1972,48
slunnl@nature.com,99826992,Siana,Lunn,slunnl,ATtbx2TU,5/26/1964,4
tlivenm@soup.io,99526606,Travis,Liven,tlivenm,f0c59bxh,10/12/1969,150
bwoollettn@ifeng.com,99937340,Bella,Woollett,bwoollettn,GbxipWzy,12/31/1972,186
mblucko@sohu.com,99937016,Margy,Bluck,mblucko,xdu1bX7G,11/29/1976,27
asruttonp@telegraph.co.uk,99832471,Ada,Srutton,asruttonp,H8jGkBZW,9/1/1973,127
cesteq@eventbrite.com,99975043,Cari,Este,cesteq,11yKijJ1,1/21/1978,98
gdurradr@ftc.gov,99587734,Gertruda,Durrad,gdurradr,PF1Qz3mB,5/22/1968,55
hbottomers@ycombinator.com,99400436,Hillie,Bottomer,hbottomers,1PPBFv1Z,6/16/1992,
tsmallmant@ucla.edu,99343472,Tildy,Smallman,tsmallmant,Ho5nwIpV,10/30/1960,78
leadonu@csmonitor.com,99069988,Lisle,Eadon,leadonu,Iev7liy4,7/26/1992,139
dchampnessv@disqus.com,99506060,Deeyn,Champness,dchampnessv,sxc8IpRW,11/14/1985,159
umurrthumw@usa.gov,99261281,Ulric,Murrthum,umurrthumw,3fwcQEFl,12/28/2002,155
rcommuccix@acquirethisname.com,99154169,Ring,Commucci,rcommuccix,fJPCzhUH,8/11/1967,102
dcardisy@globo.com,99967824,Dede,Cardis,dcardisy,yOd7Mt01,4/14/1962,184
fmcreedyz@oaic.gov.au,99533549,Ferdinande,McReedy,fmcreedyz,LIpxJMYs,8/12/2003,48
kmactrustam10@netvibes.com,99085919,Kelsey,MacTrustam,kmactrustam10,8EXLnNXo,9/1/1991,51
scarn11@bbb.org,99799804,Sam,Carn,scarn11,XewLzbWK,5/7/1963,112
jcrankshaw12@deliciousdays.com,99963716,Jerrilyn,Crankshaw,jcrankshaw12,43jEDGuI,10/23/1997,81
pzavattiero13@weibo.com,99599587,Papageno,Zavattiero,pzavattiero13,z777mV2E,12/27/2002,25
lparsonson14@java.com,99593483,Lela,Parsonson,lparsonson14,ovaJgDtj,8/6/1972,14
rmarte15@usatoday.com,99618128,Robb,Marte,rmarte15,sxespR0S,4/25/1986,34
eoquin16@shutterfly.com,99001878,Enrika,O'Quin,eoquin16,qnO4uQ8t,2/12/1997,
pborell17@rambler.ru,99502114,Pat,Borell,pborell17,vhVlO4BM,4/12/1980,44
kgyrgorwicx18@imageshack.us,99312863,Korey,Gyrgorwicx,kgyrgorwicx18,bUcAVb6z,9/13/2000,84
scorradini19@hostgator.com,99552693,Shanna,Corradini,scorradini19,3guRz8EB,6/14/1964,
hgregol1a@elegantthemes.com,99154443,Homere,Gregol,hgregol1a,9Pbhp7C4,4/20/1988,135
mvannoort1b@va.gov,99199787,Murry,Vannoort,mvannoort1b,OdxidSr8,8/17/1987,26
bvigours1c@redcross.org,99220486,Blanch,Vigours,bvigours1c,7qWEm6bg,10/24/1998,27
rkembley1d@imageshack.us,99004164,Rosanna,Kembley,rkembley1d,iLkFTRlC,12/20/1965,64
admin@admin.com,99999999,ADMIN,ADMIN,administrator,admin,01/01/1965,0
